"","Family","Genus","Taxa","Portik","guild","ecology","terrestrial","lung","Spec_lotic","eight_state","state","tree_names"
"1","Allophrynidae","Allophryne","Allophryne_ruthveni","","lentic",1,"0","1",0,6,4,"Allophryne_ruthveni"
"2","Alsodidae","Alsodes","Alsodes_monticola","","lentic, benthic",1,"0","1",0,6,4,"Alsodes_monticola"
"3","Alsodidae","Alsodes","Alsodes_neuquensis","","lentic, benthic",1,"0","1",0,6,4,"Alsodes_neuquensis"
"4","Alsodidae","Alsodes","Alsodes_nodosus","","lotic",0,"0","1",0,3,2,"Alsodes_nodosus"
"6","Alsodidae","Limnomedusa","Limnomedusa_macroglossa","","lentic",1,"0","1",0,6,4,"Limnomedusa_macroglossa"
"7","Alytidae","Alytes","Alytes_dickhilleni","","lentic",1,"0","1",0,6,4,"Alytes_dickhilleni"
"8","Alytidae","Alytes","Alytes_obstetricans","","lentic, benthic",1,"0","1",0,6,4,"Alytes_obstetricans"
"9","Alytidae","Discoglossus","Discoglossus_galganoi","","lentic, benthic",1,"0","1",0,6,4,"Discoglossus_galganoi"
"10","Alytidae","Discoglossus","Discoglossus_pictus","","lentic, benthic",1,"0","1",0,6,4,"Discoglossus_pictus"
"13","Arthroleptidae","Astylosternus","Astylosternus_occidentalis","","lotic, clasping",0,"0","-",0,NA,NA,"Astylosternus_occidentalis"
"14","Arthroleptidae","Astylosternus","Astylosternus_rheophilus","","lotic, clasping",0,"0","1",0,3,2,"Astylosternus_rheophilus"
"15","Arthroleptidae","Cardioglossa","Cardioglossa_manengouba","","lotic, fossorial",0,"0","0",1,2,1,"Cardioglossa_manengouba"
"16","Arthroleptidae","Cardioglossa","Cardioglossa_sp.","Cardioglossa_schioetzi","lotic, fossorial",0,"0","0",1,2,1,"Cardioglossa_schioetzi"
"17","Arthroleptidae","Leptodactylodon","Leptodactylodon_bicolor","","lotic, fossorial",0,"0","1",1,4,2,"Leptodactylodon_bicolor"
"18","Arthroleptidae","Leptodactylodon","Leptodactylodon_boulengeri","","lotic, fossorial",0,"0","0",1,2,1,"Leptodactylodon_boulengeri"
"19","Arthroleptidae","Leptodactylodon","Leptodactylodon_mertensi","","lotic, fossorial",0,"0","1",1,4,2,"Leptodactylodon_mertensi"
"21","Arthroleptidae","Leptopelis","Leptopelis_boulengeri","","lotic",0,"0","1",0,3,2,"Leptopelis_boulengeri"
"23","Arthroleptidae","Leptopelis","Leptopelis_kivuensis","","lentic",1,"0","-",0,NA,NA,"Leptopelis_kivuensis"
"24","Arthroleptidae","Leptopelis","Leptopelis_natalensis","","lotic",0,"0","1",0,3,2,"Leptopelis_natalensis"
"27","Arthroleptidae","Leptopelis","Leptopelis_vermiculatus","","lentic, benthic",1,"0","1",0,6,4,"Leptopelis_vermiculatus"
"31","Arthroleptidae","Nyctibates","Nyctibates_corrugatus","","lotic, suctorial",0,"0","-",1,NA,NA,"Nyctibates_corrugatus"
"33","Arthroleptidae","Trichobatrachus","Trichobatrachus_robustus","","lotic, suctorial",0,"0","1",1,4,2,"Trichobatrachus_robustus"
"34","Ascaphidae","Ascaphus","Ascaphus_montanus","","lotic, suctorial",0,"0","0",1,2,1,"Ascaphus_montanus"
"35","Ascaphidae","Ascaphus","Ascaphus_truei","","lotic, suctorial",0,"0","0",1,2,1,"Ascaphus_truei"
"36","Asterophryinae","Siamophryne","Siamophryne_troglodytes","","lentic, cave pools",1,"0","1",0,6,4,"Siamophryne_troglodytes"
"37","Batrachylidae","Atelognathus","Atelognathus_reverberii","","lentic, benthic",1,"0","1",0,6,4,"Atelognathus_reverberii"
"38","Batrachylidae","Batrachyla","Batrachyla_taeniata","","lentic, benthic",1,"0","1",0,6,4,"Batrachyla_taeniata"
"40","Batrachylidae","Hylorina","Hylorina_sylvatica","","lentic, benthic",1,"0","1",0,6,4,"Hylorina_sylvatica"
"42","Bombinatoridae","Bombina","Bombina_maxima","","lentic, benthic",1,"0","1",0,6,4,"Bombina_maxima"
"43","Bombinatoridae","Bombina","Bombina_orientalis","","lentic, benthic",1,"0","1",0,6,4,"Bombina_orientalis"
"44","Bombinatoridae","Bombina","Bombina_variegata","","lentic, benthic",1,"0","1",0,6,4,"Bombina_variegata"
"54","Bufonidae","Amazophrynella","Amazophrynella_minuta","","lentic, benthic",1,"0","0",0,5,3,"Amazophrynella_minuta"
"55","Bufonidae","Anaxyrus","Anaxyrus_americanus","","lentic, benthic",1,"0","0",0,5,3,"Anaxyrus_americanus"
"56","Bufonidae","Anaxyrus","Anaxyrus_terrestris","","lentic, benthic",1,"0","0",0,5,3,"Anaxyrus_terrestris"
"57","Bufonidae","Anaxyrus","Anaxyrus_woodhousii","","lentic, benthic",1,"0","0",0,5,3,"Anaxyrus_woodhousii"
"58","Bufonidae","Ansonia","Ansonia_echinata","?","lotic, suctorial",0,"0","0",1,2,1,NA
"59","Bufonidae","Ansonia","Ansonia_hanitschi","","lotic, suctorial",0,"0","0",1,2,1,"Ansonia_hanitschi"
"60","Bufonidae","Ansonia","Ansonia_mcgregori","","lotic, suctorial",0,"0","0",1,2,1,"Ansonia_mcgregori"
"61","Bufonidae","Atelopus","Atelopus_nanay","","lotic, gastromyzophorous",0,"0","0",1,2,1,"Atelopus_nanay"
"62","Bufonidae","Atelopus","Atelopus_tricolor","","lotic, gastromyzophorous",0,"0","0",1,2,1,"Atelopus_tricolor"
"63","Bufonidae","Atelopus","Atelopus_zeteki","","lotic, gastromyzophorous",0,"0","0",1,2,1,"Atelopus_zeteki"
"64","Bufonidae","Barbarophryne","Barbarophryne_brongersmai","","lentic, benthic",1,"0","0",0,5,3,"Barbarophryne_brongersmai"
"67","Bufonidae","Bufo","Bufo_bufo","","lentic, benthic",1,"0","0",0,5,3,"Bufo_bufo"
"69","Bufonidae","Bufo","Bufo_torrenticola","","lotic, suctorial",0,"0","0",1,2,1,"Bufo_torrenticola"
"72","Bufonidae","Capensibufo","Capensibufo_tradouwi","","Lentic, benthic",1,"0","0",0,5,3,"Capensibufo_tradouwi"
"74","Bufonidae","Dendrophryniscus","Dendrophryniscus_brevipollicatus","","Lentic, benthic",1,"0","0",0,5,3,"Dendrophryniscus_brevipollicatus"
"77","Bufonidae","Duttaphrynus","Duttaphrynus_melanostictus","","lentic",1,"0","0",0,5,3,"Duttaphrynus_melanostictus"
"78","Bufonidae","Duttaphrynus","Duttaphrynus_stomaticus","","lentic, benthic",1,"0","0",0,5,3,"Duttaphrynus_stomaticus"
"80","Bufonidae","Frostius","Frostius_pernambucensis","Frostius_erythrophthalmus","lentic, arboreal",1,"0","0",0,5,3,"Frostius_erythrophthalmus"
"83","Bufonidae","Incilius","Incilius_aucoinae","","lotic",0,"0","0",0,1,1,"Incilius_aucoinae"
"84","Bufonidae","Incilius","Incilius_coccifer","","lentic, benthic",1,"0","0",0,5,3,"Incilius_coccifer"
"85","Bufonidae","Incilius","Incilius_coniferus","","lentic, benthic",1,"0","0",0,5,3,"Incilius_coniferus"
"86","Bufonidae","Ingerophrynus","Ingerophrynus_parvus","","lentic",1,"0","0",0,5,3,"Ingerophrynus_parvus"
"89","Bufonidae","Melanophryniscus","Melanophryniscus_moreirae","","lentic, arboreal",1,"0","0",0,5,3,"Melanophryniscus_moreirae"
"90","Bufonidae","Melanophryniscus","Melanophryniscus_pachyrhynus","","lotic",0,"0","0",0,1,1,"Melanophryniscus_pachyrhynus"
"91","Bufonidae","Melanophryniscus","Melanophryniscus_setiba","","lentic",1,"0","-",0,NA,NA,"Melanophryniscus_setiba"
"92","Bufonidae","Mertensophryne","Mertensophryne_micranotis","","lentic, arboreal",1,"0","0",0,5,3,"Mertensophryne_micranotis"
"94","Bufonidae","Nannophryne","Nannophryne_cophotis","","lentic",1,"0","0",0,5,3,"Nannophryne_cophotis"
"103","Bufonidae","Peltophryne","Peltophryne_lemur","","lentic",1,"0","0",0,5,3,"Peltophryne_lemur"
"104","Bufonidae","Peltophryne","Peltophryne_peltocephala","","lentic, benthic",1,"0","0",0,5,3,"Peltophryne_peltocephala"
"105","Bufonidae","Phrynoidis","Phrynoidis_asper","","lotic, suctorial",0,"0","0",1,2,1,"Phrynoidis_asper"
"108","Bufonidae","Rentapia","Rentapia_hosii","","lotic",0,"0","0",0,1,1,"Rentapia_hosii"
"109","Bufonidae","Rhaebo","Rhaebo_caeruleostictus","?","lentic",1,"0","0",0,5,3,NA
"110","Bufonidae","Rhaebo","Rhaebo_glaberrimus","","lotic",0,"0","0",0,1,1,"Rhaebo_glaberrimus"
"114","Bufonidae","Rhinella","Rhinella_acutirostris","","lentic, benthic",1,"0","0",0,5,3,"Rhinella_acutirostris"
"115","Bufonidae","Rhinella","Rhinella_amabilis","Rhinella_limensis","",NA,"0","0",0,NA,NA,"Rhinella_limensis"
"116","Bufonidae","Rhinella","Rhinella_arenarum","","lentic, benthic",1,"0","0",0,5,3,"Rhinella_arenarum"
"118","Bufonidae","Rhinella","Rhinella_castaneotica","","lentic, arboreal",1,"0","0",0,5,3,"Rhinella_castaneotica"
"119","Bufonidae","Rhinella","Rhinella_chrysophora","?","lotic, gastromyzophorous",0,"0","0",1,2,1,NA
"120","Bufonidae","Rhinella","Rhinella_crucifer","","lentic",1,"0","0",0,5,3,"Rhinella_crucifer"
"121","Bufonidae","Rhinella","Rhinella_granulosa","","lentic, benthic",1,"0","0",0,5,3,"Rhinella_granulosa"
"122","Bufonidae","Rhinella","Rhinella_icterica","","lentic",1,"0","0",0,5,3,"Rhinella_icterica"
"123","Bufonidae","Rhinella","Rhinella_jimi","Rhinella_horribilis","lentic, benthic",1,"0","0",0,5,3,"Rhinella_horribilis"
"124","Bufonidae","Rhinella","Rhinella_marina","","lentic, benthic",1,"0","0",0,5,3,"Rhinella_marina"
"125","Bufonidae","Rhinella","Rhinella_schneideri","","lentic",1,"0","0",0,5,3,"Rhinella_schneideri"
"127","Bufonidae","Rhinella","Rhinella_veraguensis","","lotic, gastromyzophorous",0,"0","0",1,2,1,"Rhinella_veraguensis"
"130","Bufonidae","Schismaderma","Schismaderma_carens","","lentic, nektonic",1,"0","0",0,5,3,"Schismaderma_carens"
"131","Bufonidae","Sclerophrys","Sclerophrys_capensis","","lentic",1,"0","0",0,5,3,"Sclerophrys_capensis"
"132","Bufonidae","Sclerophrys","Sclerophrys_garmani","","lentic",1,"0","0",0,5,3,"Sclerophrys_garmani"
"133","Bufonidae","Sclerophrys","Sclerophrys_gutturalis","","lentic",1,"0","0",0,5,3,"Sclerophrys_gutturalis"
"134","Bufonidae","Sclerophrys","Sclerophrys_lemairii","","lentic",1,"0","0",0,5,3,"Sclerophrys_lemairii"
"135","Bufonidae","Sclerophrys","Sclerophrys_pardalis","","lentic",1,"0","0",0,5,3,"Sclerophrys_pardalis"
"137","Bufonidae","Sclerophrys","Sclerophrys_poweri","","lentic",1,"0","0",0,5,3,"Sclerophrys_poweri"
"138","Bufonidae","Sclerophrys","Sclerophrys_pusilla","","lentic",1,"0","0",0,5,3,"Sclerophrys_pusilla"
"140","Bufonidae","Strauchbufo","Strauchbufo_raddei","","lentic",1,"0","0",0,5,3,"Strauchbufo_raddei"
"142","Bufonidae","Vandijkophrynus","Vandijkophrynus_amatolicus","","lentic",1,"0","0",0,5,3,"Vandijkophrynus_amatolicus"
"143","Bufonidae","Vandijkophrynus","Vandijkophrynus_angusticeps","","lentic",1,"0","0",0,5,3,"Vandijkophrynus_angusticeps"
"144","Bufonidae","Vandijkophrynus","Vandijkophrynus_gariepensis","","lentic",1,"0","0",0,5,3,"Vandijkophrynus_gariepensis"
"145","Bufonidae","Werneria","Werneria_bambutensis","","lotic, suctorial",0,"0","-",1,NA,NA,"Werneria_bambutensis"
"148","Calyptocephalellidae","Calyptocephalella","Calyptocephalella_gayi","","lentic, benthic",1,"0","1",0,6,4,"Calyptocephalella_gayi"
"151","Centrolenidae","Centrolene","Centrolene_geckoideum","","lotic, fossorial",0,"0","0",1,2,1,"Centrolene_geckoideum"
"152","Centrolenidae","Centrolene","Centrolene_quindianum","Centrolene_altitudinalis","lotic, fossorial",0,"0","1",1,4,2,"Centrolene_altitudinalis"
"154","Centrolenidae","Cochranella","Cochranella_granulosa","","lotic, fossorial",0,"0","1",1,4,2,"Cochranella_granulosa"
"155","Centrolenidae","Espadarana","Espadarana_prosoblepon","","lotic, fossorial",0,"0","1",1,4,2,"Espadarana_prosoblepon"
"156","Centrolenidae","Hyalinobatrachium","Hyalinobatrachium_chirripoi","","lotic, fossorial",0,"0","1",1,4,2,"Hyalinobatrachium_chirripoi"
"157","Centrolenidae","Hyalinobatrachium","Hyalinobatrachium_fleischmanni","","lotic, fossorial",0,"0","0",1,2,1,"Hyalinobatrachium_fleischmanni"
"158","Centrolenidae","Hyalinobatrachium","Hyalinobatrachium_tricolor","","lotic, fossorial",0,"0","1",1,4,2,"Hyalinobatrachium_tricolor"
"159","Centrolenidae","Ikakogi","Ikakogi_ispacue","","lotic, fossorial",0,"0","0",1,2,1,"Ikakogi_ispacue"
"160","Centrolenidae","Ikakogi","Ikakogi_tayrona","","lotic, fossorial",0,"0","0",1,2,1,"Ikakogi_tayrona"
"161","Centrolenidae","Nymphargus","Nymphargus_griffithsi","","lotic, fossorial",0,"0","1",1,4,2,"Nymphargus_griffithsi"
"165","Centrolenidae","Vitreorana","Vitreorana_uranoscopa","","lotic, fossorial",0,"0","1",1,4,2,"Vitreorana_uranoscopa"
"170","Ceratophryidae","Ceratophrys","Ceratophrys_aurita","","lentic, benthic",1,"0","1",0,6,4,"Ceratophrys_aurita"
"171","Ceratophryidae","Ceratophrys","Ceratophrys_calcarata","","lentic",1,"0","1",0,6,4,"Ceratophrys_calcarata"
"172","Ceratophryidae","Ceratophrys","Ceratophrys_ornata","","lentic, benthic",1,"0","1",0,6,4,"Ceratophrys_ornata"
"174","Ceratophryidae","Chacophrys","Chacophrys_pierottii","","lentic, benthic",1,"0","1",0,6,4,"Chacophrys_pierottii"
"175","Ceratophryidae","Lepidobatrachus","Lepidobatrachus_laevis","","lentic, carnivore",1,"0","1",0,6,4,"Lepidobatrachus_laevis"
"177","Conrauidae","Conraua","Conraua_robusta","","lotic, suctorial",0,"0","1",1,4,2,"Conraua_robusta"
"190","Dendrobatidae","Adelphobates","Adelphobates_galactonotus","","lentic, arboreal",1,"0","1",0,6,4,"Adelphobates_galactonotus"
"191","Dendrobatidae","Adelphobates","Adelphobates_quinquevittatus","","lentic",1,"0","1",0,6,4,"Adelphobates_quinquevittatus"
"192","Dendrobatidae","Allobates","Allobates_grillisimilis","","",NA,"","1",0,NA,NA,"Allobates_grillisimilis"
"193","Dendrobatidae","Allobates","Allobates_insperatus","","lentic",1,"0","1",0,6,4,"Allobates_insperatus"
"195","Dendrobatidae","Ameerega","Ameerega_trivittata","","lentic",1,"0","1",0,6,4,"Ameerega_trivittata"
"196","Dendrobatidae","Andinobates","Andinobates_bombetes","","lentic, arboreal",1,"0","1",0,6,4,"Andinobates_bombetes"
"198","Dendrobatidae","Anomaloglossus","Anomaloglossus_tepuyensis","","lotic",0,"0","1",0,3,2,"Anomaloglossus_tepuyensis"
"199","Dendrobatidae","Aromobates","Aromobates_mayorgai","Aromobates_meridensis","lotic, sidepools",0,"0","1",0,3,2,"Aromobates_meridensis"
"200","Dendrobatidae","Aromobates","Aromobates_saltuensis","","lotic",0,"0","1",0,3,2,"Aromobates_saltuensis"
"201","Dendrobatidae","Colostethus","Colostethus_dunni","?","",NA,"","1",0,NA,NA,NA
"202","Dendrobatidae","Colostethus","Colostethus_imbricolus","","lentic",1,"0","1",0,6,4,"Colostethus_imbricolus"
"203","Dendrobatidae","Dendrobates","Dendrobates_tinctorius","","lentic, arboreal",1,"0","1",0,6,4,"Dendrobates_tinctorius"
"204","Dendrobatidae","Dendrobates","Dendrobates_truncatus","","lentic, arboreal",1,"0","1",0,6,4,"Dendrobates_truncatus"
"206","Dendrobatidae","Epipedobates","Epipedobates_boulengeri","","lentic",1,"0","1",0,6,4,"Epipedobates_boulengeri"
"207","Dendrobatidae","Epipedobates","Epipedobates_tricolor","","lentic",1,"0","1",0,6,4,"Epipedobates_tricolor"
"208","Dendrobatidae","Excidobates","Excidobates_condor","","lentic, arboreal",1,"0","1",0,6,4,"Excidobates_condor"
"209","Dendrobatidae","Hyloxalus","Hyloxalus_subpunctatus","","lentic",1,"0","1",0,6,4,"Hyloxalus_subpunctatus"
"210","Dendrobatidae","Leucostethus","Leucostethus_fraterdanieli","Colostethus_fraterdanieli","lentic",1,"0","1",0,6,4,"Colostethus_fraterdanieli"
"211","Dendrobatidae","Mannophryne","Mannophryne_herminae","","lentic, benthic",1,"0","1",0,6,4,"Mannophryne_herminae"
"212","Dendrobatidae","Mannophryne","Mannophryne_trinitatis","","lentic",1,"0","1",0,6,4,"Mannophryne_trinitatis"
"213","Dendrobatidae","Minyobates","Minyobates_steyermarki","","lentic, benthic",1,"0","1",0,6,4,"Minyobates_steyermarki"
"214","Dendrobatidae","Oophaga","Oophaga_pumilio","","lentic, arboreal",1,"0","1",0,6,4,"Oophaga_pumilio"
"215","Dendrobatidae","Paruwrobates","Hyloxalus_whymperi","Ameerega_erythromos","lentic",1,"0","1",0,6,4,"Ameerega_erythromos"
"216","Dendrobatidae","Phyllobates","Phyllobates_aurotaenia","","lentic",1,"0","1",0,6,4,"Phyllobates_aurotaenia"
"217","Dendrobatidae","Phyllobates","Phyllobates_bicolor","","lentic",1,"0","1",0,6,4,"Phyllobates_bicolor"
"218","Dendrobatidae","Ranitomeya","Ranitomeya_defleri","","lentic, arboreal",1,"0","1",0,6,4,"Ranitomeya_defleri"
"219","Dendrobatidae","Rheobates","Rheobates_palmatus","","lotic",0,"0","1",0,3,2,"Rheobates_palmatus"
"220","Dendrobatidae","Silverstoneia","Silverstoneia_flotator","","lotic, neustonic",0,"0","1",0,3,2,"Silverstoneia_flotator"
"223","Dicroglossidae","Euphlyctis","Euphlyctis_cyanophlyctis","","lentic",1,"0","1",0,6,4,"Euphlyctis_cyanophlyctis"
"224","Dicroglossidae","Fejervarya","Fejervarya_cancrivora","","lentic",1,"0","1",0,6,4,"Fejervarya_cancrivora"
"225","Dicroglossidae","Fejervarya","Fejervarya_limnocharis","","lentic",1,"0","1",0,6,4,"Fejervarya_limnocharis"
"226","Dicroglossidae","Hoplobatrachus","Hoplobatrachus_occipitalis","","lentic",1,"0","1",0,6,4,"Hoplobatrachus_occipitalis"
"227","Dicroglossidae","Hoplobatrachus","Hoplobatrachus_tigerinus","","lentic",1,"0","1",0,6,4,"Hoplobatrachus_tigerinus"
"229","Dicroglossidae","Limnonectes","Limnonectes_kuhlii","","lentic, benthic",1,"0","1",0,6,4,"Limnonectes_kuhlii"
"231","Dicroglossidae","Limnonectes","Limnonectes_macrocephalus","","lentic",1,"0","1",0,6,4,"Limnonectes_macrocephalus"
"232","Dicroglossidae","Limnonectes","Limnonectes_magnus","","lotic, sidepools",0,"0","1",0,3,2,"Limnonectes_magnus"
"233","Dicroglossidae","Limnonectes","Limnonectes_palavanensis","","lentic, arboreal",1,"0","1",0,6,4,"Limnonectes_palavanensis"
"235","Dicroglossidae","Minervarya","Minervarya_syhadrensis","","lentic",1,"0","1",0,6,4,"Minervarya_syhadrensis"
"238","Dicroglossidae","Occidozyga","Occidozyga_laevis","Occidozyga_lima","lentic",1,"0","1",0,6,4,"Occidozyga_lima"
"240","Dicroglossidae","Quasipaa","Quasipaa_exilispinosa","","lotic",0,"0","1",0,3,2,"Quasipaa_exilispinosa"
"241","Dicroglossidae","Sphaerotheca","Sphaerotheca_breviceps","","lentic",1,"0","1",0,6,4,"Sphaerotheca_breviceps"
"242","Dyscophinae","Dyscophus","Dyscophus_antongilii","","lentic, suspension feeder",1,"0","1",0,6,4,"Dyscophus_antongilii"
"247","Gastrophryninae","Arcovomer","Arcovomer_passarellii","","lentic",1,"0","1",0,6,4,"Arcovomer_passarellii"
"248","Gastrophryninae","Chiasmocleis","Chiasmocleis_antenori","","lentic, arboreal",1,"0","1",0,6,4,"Chiasmocleis_antenori"
"249","Gastrophryninae","Ctenophryne","Ctenophryne_geayi","","lentic, suspension feeder",1,"0","1",0,6,4,"Ctenophryne_geayi"
"251","Gastrophryninae","Dermatonotus","Dermatonotus_muelleri","","lentic, suspension feeder",1,"0","1",0,6,4,"Dermatonotus_muelleri"
"252","Gastrophryninae","Elachistocleis","Elachistocleis_bicolor","","lentic, suspension feeder",1,"0","1",0,6,4,"Elachistocleis_bicolor"
"253","Gastrophryninae","Gastrophryne","Gastrophryne_carolinensis","","lentic, suspension feeder",1,"0","1",0,6,4,"Gastrophryne_carolinensis"
"254","Gastrophryninae","Hamptophryne","Hamptophryne_alios","","lentic",1,"0","1",0,6,4,"Hamptophryne_alios"
"255","Gastrophryninae","Hamptophryne","Hamptophryne_boliviana","","lentic, suspension feeder",1,"0","1",0,6,4,"Hamptophryne_boliviana"
"256","Gastrophryninae","Hypopachus","Hypopachus_barberi","","lentic, suspension feeder",1,"0","1",0,6,4,"Hypopachus_barberi"
"258","Gastrophryninae","Stereocyclops","Stereocyclops_incrassatus","","lentic, suspension feeder",1,"0","1",0,6,4,"Stereocyclops_incrassatus"
"259","Heleophrynidae","Hadromophryne","Hadromophryne_natalensis","","lotic, suctorial",0,"0","1",1,4,2,"Hadromophryne_natalensis"
"260","Heleophrynidae","Heleophryne","Heleophryne_hewitti","?","lotic, suctorial",0,"0","0",1,2,1,NA
"261","Heleophrynidae","Heleophryne","Heleophryne_purcelli","","lotic, suctorial",0,"0","0",1,2,1,"Heleophryne_purcelli"
"262","Heleophrynidae","Heleophryne","Heleophryne_regis","","lotic, suctorial",0,"0","0",1,2,1,"Heleophryne_regis"
"263","Heleophrynidae","Heleophryne","Heleophryne_rosei","?","lotic, suctorial",0,"0","0",1,2,1,NA
"266","Hemiphractidae","Flectonotus","Flectonotus_sp.","Flectonotus_pygmaeus","lentic, arboreal",1,"0","1",0,6,4,"Flectonotus_pygmaeus"
"267","Hemiphractidae","Fritziana","Fritziana_sp.","Fritziana_fissilis","lentic, arboreal",1,"0","1",0,6,4,"Fritziana_fissilis"
"269","Hemiphractidae","Gastrotheca","Gastrotheca_monticola","","lentic, arboreal",1,"0","1",0,6,4,"Gastrotheca_monticola"
"270","Hemiphractidae","Gastrotheca","Gastrotheca_riobambae","","lentic",1,"0","1",0,6,4,"Gastrotheca_riobambae"
"274","Hemisotidae","Hemisus","Hemisus_guttatus","","lentic, nektonic",1,"0","1",0,6,4,"Hemisus_guttatus"
"275","Hemisotidae","Hemisus","Hemisus_marmoratus","","lentic, nektonic",1,"0","1",0,6,4,"Hemisus_marmoratus"
"276","Hoplophryninae","Hoplophryne","Hoplophryne_rogersi","","lentic, arboreal",1,"0","1",0,6,4,"Hoplophryne_rogersi"
"277","Hoplophryninae","Hoplophryne","Hoplophryne_uluguruensis","","lentic, arboreal",1,"0","1",0,6,4,"Hoplophryne_uluguruensis"
"278","Hylidae","Acris","Acris_crepitans","","lentic, benthic",1,"0","1",0,6,4,"Acris_crepitans"
"279","Hylidae","Agalychnis","Agalychnis_callidryas","","lentic, nektonic",1,"0","1",0,6,4,"Agalychnis_callidryas"
"280","Hylidae","Agalychnis","Agalychnis_moreletii","","lentic, nektonic",1,"0","1",0,6,4,"Agalychnis_moreletii"
"281","Hylidae","Aparasphenodon","Aparasphenodon_brunoi","","lentic",1,"0","1",0,6,4,"Aparasphenodon_brunoi"
"282","Hylidae","Aplastodiscus","Aplastodiscus_perviridis","","lentic, benthic",1,"0","1",0,6,4,"Aplastodiscus_perviridis"
"284","Hylidae","Atlantihyla","Atlantihyla_spinipollex","","lotic",0,"0","1",0,3,2,"Atlantihyla_spinipollex"
"285","Hylidae","Boana","Boana_boans","","lotic",0,"0","1",0,3,2,"Boana_boans"
"286","Hylidae","Boana","Boana_cordobae","","lotic",0,"0","1",0,3,2,"Boana_cordobae"
"287","Hylidae","Boana","Boana_geographica","","lentic, benthic",1,"0","1",0,6,4,"Boana_geographica"
"288","Hylidae","Boana","Boana_heilprini","","lotic",0,"0","1",0,3,2,"Boana_heilprini"
"289","Hylidae","Bokermannohyla","Bokermannohyla_claresignata","","lotic",0,"0","1",0,3,2,"Bokermannohyla_claresignata"
"290","Hylidae","Bromeliohyla","Bromeliohyla_bromeliacia","","lentic, arboreal",1,"0","1",0,6,4,"Bromeliohyla_bromeliacia"
"291","Hylidae","Bromeliohyla","Bromeliohyla_dendroscarta","Bromeliohyla_melacaena","lentic, arboreal",1,"0","1",0,6,4,"Bromeliohyla_melacaena"
"292","Hylidae","Charadrahyla","Charadrahyla_altipotens","Charadrahyla_taeniopus","lotic",0,"0","1",0,3,2,"Charadrahyla_taeniopus"
"295","Hylidae","Cruziohyla","Cruziohyla_sylviae","","lentic, nektonic",1,"0","1",0,6,4,"Cruziohyla_sylviae"
"296","Hylidae","Cyclorana","Cyclorana_australis","","lentic",1,"0","1",0,6,4,"Cyclorana_australis"
"297","Hylidae","Cyclorana","Cyclorana_longipes","","lentic, benthic",1,"0","1",0,6,4,"Cyclorana_longipes"
"298","Hylidae","Dendropsophus","Dendropsophus_ebraccatus","","lentic",1,"0","1",0,6,4,"Dendropsophus_ebraccatus"
"299","Hylidae","Dendropsophus","Dendropsophus_labialis","","lentic, arboreal",1,"0","1",0,6,4,"Dendropsophus_labialis"
"300","Hylidae","Dendropsophus","Dendropsophus_marmoratus","","lentic",1,"0","1",0,6,4,"Dendropsophus_marmoratus"
"303","Hylidae","Duellmanohyla","Duellmanohyla_ignicolor","?","lotic",0,"0","1",0,3,2,NA
"304","Hylidae","Duellmanohyla","Duellmanohyla_rufioculis","","lotic",0,"0","1",0,3,2,"Duellmanohyla_rufioculis"
"305","Hylidae","Duellmanohyla","Duellmanohyla_salvavida","","lotic",0,"0","1",0,3,2,"Duellmanohyla_salvavida"
"306","Hylidae","Duellmanohyla","Duellmanohyla_schmidtorum","?","lotic",0,"0","1",0,3,2,NA
"307","Hylidae","Duellmanohyla","Duellmanohyla_soralia","","lotic, neustonic",0,"0","1",0,3,2,"Duellmanohyla_soralia"
"308","Hylidae","Duellmanohyla","Duellmanohyla_uranochroa","","lotic",0,"0","1",0,3,2,"Duellmanohyla_uranochroa"
"309","Hylidae","Ecnomiohyla","Ecnomiohyla_miotympanum","","lotic",0,"0","1",0,3,2,"Ecnomiohyla_miotympanum"
"310","Hylidae","Ecnomiohyla","Ecnomiohyla_salvaje","Ecnomiohyla_minera","lentic, arboreal",1,"0","1",0,6,4,"Ecnomiohyla_minera"
"311","Hylidae","Exerodonta","Exerodonta_melanomma","","lotic",0,"0","1",0,3,2,"Exerodonta_melanomma"
"312","Hylidae","Hyla","Hyla_annectans","","lentic",1,"0","1",0,6,4,"Hyla_annectans"
"313","Hylidae","Hyla","Hyla_chrysoscelis","","lentic",1,"0","1",0,6,4,"Hyla_chrysoscelis"
"314","Hylidae","Hyla","Hyla_cinerea","","lentic",1,"0","1",0,6,4,"Hyla_cinerea"
"315","Hylidae","Hyla","Hyla_immaculata","","lentic",1,"0","1",0,6,4,"Hyla_immaculata"
"318","Hylidae","Hyla","Hyla_squirella","","lentic",1,"0","1",0,6,4,"Hyla_squirella"
"319","Hylidae","Hyla","Hyla_suweonensis","","lentic",1,"0","1",0,6,4,"Hyla_suweonensis"
"320","Hylidae","Hyla","Hyla_versicolor","","lentic",1,"0","1",0,6,4,"Hyla_versicolor"
"322","Hylidae","Hyloscirtus","Hyloscirtus_armatus","","lotic, suctorial",0,"0","1",1,4,2,"Hyloscirtus_armatus"
"323","Hylidae","Hyloscirtus","Hyloscirtus_colymba","","lotic, suctorial",0,"0","1",1,4,2,"Hyloscirtus_colymba"
"324","Hylidae","Isthmohyla","Isthmohyla_lancasteri","","lotic, sidepools",0,"0","-",0,NA,NA,"Isthmohyla_lancasteri"
"326","Hylidae","Isthmohyla","Isthmohyla_rivularis","","lotic, suctorial",0,"0","1",1,4,2,"Isthmohyla_rivularis"
"327","Hylidae","Isthmohyla","Isthmohyla_tica","","lotic, suctorial",0,"0","1",1,4,2,"Isthmohyla_tica"
"328","Hylidae","Isthmohyla","Isthmohyla_zeteki","","lentic, arboreal",1,"0","1",0,6,4,"Isthmohyla_zeteki"
"329","Hylidae","Itapotihyla","Itapotihyla_langsdorffii","","lentic",1,"0","1",0,6,4,"Itapotihyla_langsdorffii"
"330","Hylidae","Litoria","Litoria_adelaidensis","","lentic, nektonic",1,"0","1",0,6,4,"Litoria_adelaidensis"
"331","Hylidae","Litoria","Litoria_aurea","","lentic",1,"0","1",0,6,4,"Litoria_aurea"
"332","Hylidae","Litoria","Litoria_booroolongensis","","lotic, suctorial",0,"0","1",1,4,2,"Litoria_booroolongensis"
"334","Hylidae","Litoria","Litoria_citropa","","lotic, suctorial",0,"0","1",1,4,2,"Litoria_citropa"
"335","Hylidae","Litoria","Litoria_coplandi","","lotic, clasping",0,"0","1",0,3,2,"Litoria_coplandi"
"336","Hylidae","Litoria","Litoria_dahlii","","lentic, nektonic",1,"0","1",0,6,4,"Litoria_dahlii"
"337","Hylidae","Litoria","Litoria_dayi","?","lotic, suctorial",0,"0","0",1,2,1,NA
"338","Hylidae","Litoria","Litoria_electrica","","lentic",1,"0","1",0,6,4,"Litoria_electrica"
"339","Hylidae","Litoria","Litoria_eucnemis","","lentic, benthic",1,"0","1",0,6,4,"Litoria_eucnemis"
"340","Hylidae","Litoria","Litoria_inermis","","lentic",1,"0","1",0,6,4,"Litoria_inermis"
"341","Hylidae","Litoria","Litoria_infrafrenata","","lentic",1,"0","-",0,NA,NA,"Litoria_infrafrenata"
"342","Hylidae","Litoria","Litoria_iris","","lentic",1,"0","1",0,6,4,"Litoria_iris"
"343","Hylidae","Litoria","Litoria_jervisiensis","","lentic, nektonic",1,"0","1",0,6,4,"Litoria_jervisiensis"
"344","Hylidae","Litoria","Litoria_lesueurii","","lotic, suctorial",0,"0","1",1,4,2,"Litoria_lesueurii"
"345","Hylidae","Litoria","Litoria_moorei","","lentic, nektonic",1,"0","1",0,6,4,"Litoria_moorei"
"346","Hylidae","Litoria","Litoria_nannotis","","lotic, suctorial",0,"0","0",1,2,1,"Litoria_nannotis"
"347","Hylidae","Litoria","Litoria_nyakalensis","","lotic, suctorial",0,"0","0",1,2,1,"Litoria_nyakalensis"
"348","Hylidae","Litoria","Litoria_peronii","","lentic, nektonic",1,"0","1",0,6,4,"Litoria_peronii"
"349","Hylidae","Litoria","Litoria_rheocola","","lotic, suctorial",0,"0","0",1,2,1,"Litoria_rheocola"
"350","Hylidae","Litoria","Litoria_serrata","","lotic",0,"0","1",0,3,2,"Litoria_serrata"
"351","Hylidae","Litoria","Litoria_subglandulosa","","lotic, suctorial",0,"0","1",1,4,2,"Litoria_subglandulosa"
"352","Hylidae","Litoria","Litoria_xanthomera","","lentic",1,"0","1",0,6,4,"Litoria_xanthomera"
"354","Hylidae","Megastomatohyla","Megastomatohyla_mixe","","lotic, suctorial",0,"0","0",1,2,1,"Megastomatohyla_mixe"
"355","Hylidae","Megastomatohyla","Megastomatohyla_mixomaculata","Megastomatohyla_pellita","lotic, suctorial",0,"0","0",1,2,1,"Megastomatohyla_pellita"
"359","Hylidae","Nyctimystes","Nyctimystes_cheesmani","","lotic, suctorial",0,"0","0",1,2,1,"Nyctimystes_cheesmani"
"360","Hylidae","Osteocephalus","Osteocephalus_oophagus","","lentic, arboreal",1,"0","1",0,6,4,"Osteocephalus_oophagus"
"361","Hylidae","Osteocephalus","Osteocephalus_planiceps","","lentic, arboreal",1,"0","1",0,6,4,"Osteocephalus_planiceps"
"362","Hylidae","Osteopilus","Osteopilus_dominicensis","","lentic, arboreal",1,"0","1",0,6,4,"Osteopilus_dominicensis"
"363","Hylidae","Osteopilus","Osteopilus_ocellatus","","lentic, arboreal",1,"0","1",0,6,4,"Osteopilus_ocellatus"
"364","Hylidae","Osteopilus","Osteopilus_septentrionalis","","lentic",1,"0","1",0,6,4,"Osteopilus_septentrionalis"
"365","Hylidae","Osteopilus","Osteopilus_vastus","","lotic",0,"0","1",0,3,2,"Osteopilus_vastus"
"366","Hylidae","Phasmahyla","Phasmahyla_cochranae","","lentic, neustonic",1,"0","1",0,6,4,"Phasmahyla_cochranae"
"367","Hylidae","Phasmahyla","Phasmahyla_cruzi","","lentic, neustonic",1,"0","1",0,6,4,"Phasmahyla_cruzi"
"368","Hylidae","Phasmahyla","Phasmahyla_guttata","","lentic, neustonic",1,"0","1",0,6,4,"Phasmahyla_guttata"
"371","Hylidae","Phyllomedusa","Phyllomedusa_distincta","","lentic, suspension feeder",1,"0","1",0,6,4,"Phyllomedusa_distincta"
"372","Hylidae","Phyllomedusa","Phyllomedusa_vaillantii","","lentic, nektonic",1,"0","1",0,6,4,"Phyllomedusa_vaillantii"
"374","Hylidae","Plectrohyla","Plectrohyla_guatemalensis","","lotic",0,"0","1",0,3,2,"Plectrohyla_guatemalensis"
"375","Hylidae","Plectrohyla","Plectrohyla_teuchestes","Plectrohyla_matudai","lotic, suctorial",0,"0","1",1,4,2,"Plectrohyla_matudai"
"376","Hylidae","Pseudacris","Pseudacris_crucifer","","lentic, nektonic",1,"0","1",0,6,4,"Pseudacris_crucifer"
"377","Hylidae","Pseudacris","Pseudacris_ornata","","lentic, nektonic",1,"0","1",0,6,4,"Pseudacris_ornata"
"378","Hylidae","Pseudacris","Pseudacris_regilla","","lentic",1,"0","1",0,6,4,"Pseudacris_regilla"
"380","Hylidae","Pseudis","Pseudis_minuta","","lentic, nektonic",1,"0","1",0,6,4,"Pseudis_minuta"
"381","Hylidae","Pseudis","Pseudis_paradoxa","","lentic, nektonic",1,"0","1",0,6,4,"Pseudis_paradoxa"
"382","Hylidae","Ptychohyla","Ptychohyla_hypomykter","","lotic",0,"0","1",0,3,2,"Ptychohyla_hypomykter"
"383","Hylidae","Ptychohyla","Ptychohyla_zophodes","","lotic",0,"0","1",0,3,2,"Ptychohyla_zophodes"
"384","Hylidae","Ranoidea","Litoria_caerulea","","lentic",1,"0","1",0,6,4,"Litoria_caerulea"
"385","Hylidae","Ranoidea","Litoria_rubella","","lentic",1,"0","1",0,6,4,"Litoria_rubella"
"386","Hylidae","Sarcohyla","Sarcohyla_arborescandens","","lotic",0,"0","1",0,3,2,"Sarcohyla_arborescandens"
"388","Hylidae","Scarthyla","Scarthyla_goinorum","","lentic, nektonic",1,"0","1",0,6,4,"Scarthyla_goinorum"
"389","Hylidae","Scarthyla","Scarthyla_vigilans","","lentic",1,"0","1",0,6,4,"Scarthyla_vigilans"
"390","Hylidae","Scinax","Scinax_albicans","","lentic, nektonic",1,"0","1",0,6,4,"Scinax_albicans"
"391","Hylidae","Scinax","Scinax_nasicus","","lentic",1,"0","1",0,6,4,"Scinax_nasicus"
"392","Hylidae","Scinax","Scinax_ruber","","lentic",1,"0","1",0,6,4,"Scinax_ruber"
"393","Hylidae","Smilisca","Smilisca_baudinii","","lentic",1,"0","1",0,6,4,"Smilisca_baudinii"
"394","Hylidae","Smilisca","Smilisca_phaeota","","lentic",1,"0","1",0,6,4,"Smilisca_phaeota"
"395","Hylidae","Sphaenorhynchus","Sphaenorhynchus_dorisae","","lentic, benthic",1,"0","1",0,6,4,"Sphaenorhynchus_dorisae"
"397","Hylidae","Tlalocohyla","Tlalocohyla_loquax","","lentic",1,"0","1",0,6,4,"Tlalocohyla_loquax"
"398","Hylidae","Trachycephalus","Trachycephalus_resinifictrix","","lentic, nektonic",1,"0","1",0,6,4,"Trachycephalus_resinifictrix"
"399","Hylidae","Trachycephalus","Trachycephalus_typhonius","","lentic",1,"0","1",0,6,4,"Trachycephalus_typhonius"
"400","Hylidae","Triprion","Triprion_petasatus","","lentic, benthic",1,"0","1",0,6,4,"Triprion_petasatus"
"401","Hylidae","Triprion","Triprion_spinosus","","lentic, arboreal",1,"0","1",0,6,4,"Triprion_spinosus"
"402","Hylidae","Xenohyla","Xenohyla_truncata","","lentic, nektonic",1,"0","1",0,6,4,"Xenohyla_truncata"
"403","Hylodidae","Crossodactylus","Crossodactylus_gaudichaudii","","lotic, benthic",0,"0","1",0,3,2,"Crossodactylus_gaudichaudii"
"404","Hylodidae","Crossodactylus","Crossodactylus_schmidti","","lotic, benthic",0,"0","1",0,3,2,"Crossodactylus_schmidti"
"405","Hylodidae","Hylodes","Hylodes_asper","","lotic",0,"0","1",0,3,2,"Hylodes_asper"
"406","Hylodidae","Hylodes","Hylodes_meridionalis","","lotic, benthic",0,"0","1",0,3,2,"Hylodes_meridionalis"
"407","Hylodidae","Hylodes","Hylodes_phyllodes","","lotic",0,"0","1",0,3,2,"Hylodes_phyllodes"
"408","Hylodidae","Megaelosia","Megaelosia_goeldii","","lotic, benthic",0,"0","1",0,3,2,"Megaelosia_goeldii"
"409","Hyperoliidae","Acanthixalus","Acanthixalus_spinosus","","lentic, arboreal",1,"0","1",0,6,4,"Acanthixalus_spinosus"
"410","Hyperoliidae","Afrixalus","Afrixalus_delicatus","","lentic, nektonic",1,"0","1",0,6,4,"Afrixalus_delicatus"
"411","Hyperoliidae","Afrixalus","Afrixalus_dorsalis","","lentic",1,"0","1",0,6,4,"Afrixalus_dorsalis"
"418","Hyperoliidae","Hyperolius","Hyperolius_marmoratus","","lentic",1,"0","1",0,6,4,"Hyperolius_marmoratus"
"419","Hyperoliidae","Hyperolius","Hyperolius_puncticulatus","","lentic, benthic",1,"0","1",0,6,4,"Hyperolius_puncticulatus"
"420","Hyperoliidae","Hyperolius","Hyperolius_pusillus","","lentic",1,"0","1",0,6,4,"Hyperolius_pusillus"
"421","Hyperoliidae","Hyperolius","Hyperolius_tuberilinguis","","lentic",1,"0","1",0,6,4,"Hyperolius_tuberilinguis"
"422","Hyperoliidae","Kassina","Kassina_cochranae","","lentic, nektonic",1,"0","1",0,6,4,"Kassina_cochranae"
"423","Hyperoliidae","Kassina","Kassina_senegalensis","","lentic, nektonic",1,"0","1",0,6,4,"Kassina_senegalensis"
"428","Hyperoliidae","Phlyctimantis","Phlyctimantis_leonardi","","lentic, nektonic",1,"0","1",0,6,4,"Phlyctimantis_leonardi"
"429","Hyperoliidae","Phlyctimantis","Phlyctimantis_maculatus","","lentic, nektonic",1,"0","1",0,6,4,"Phlyctimantis_maculatus"
"430","Hyperoliidae","Semnodactylus","Semnodactylus_wealii","","lentic, nektonic",1,"0","1",0,6,4,"Semnodactylus_wealii"
"431","Hyperoliidae","Tachycnemis","Tachycnemis_seychellensis","","lotic, benthic",0,"0","1",0,3,2,"Tachycnemis_seychellensis"
"432","Kalophryninae","Kalophrynus","Kalophrynus_sinensis","","lentic",1,"0","1",0,6,4,"Kalophrynus_sinensis"
"434","Leptodactylidae","Adenomera","Adenomera_hylaedactyla","","lentic, benthic",1,"0","1",0,6,4,"Adenomera_hylaedactyla"
"436","Leptodactylidae","Crossodactylodes","Crossodactylodes_itambe","","lentic, arboreal",1,"0","1",0,6,4,"Crossodactylodes_itambe"
"438","Leptodactylidae","Engystomops","Engystomops_petersi","","lentic",1,"0","1",0,6,4,"Engystomops_petersi"
"439","Leptodactylidae","Engystomops","Engystomops_pustulosus","","lentic",1,"0","1",0,6,4,"Engystomops_pustulosus"
"441","Leptodactylidae","Leptodactylus","Leptodactylus_flavopictus","","lotic",0,"0","1",0,3,2,"Leptodactylus_flavopictus"
"442","Leptodactylidae","Leptodactylus","Leptodactylus_fuscus","","lentic, benthic",1,"0","1",0,6,4,"Leptodactylus_fuscus"
"443","Leptodactylidae","Leptodactylus","Leptodactylus_gracilis","","lentic, benthic",1,"0","1",0,6,4,"Leptodactylus_gracilis"
"444","Leptodactylidae","Leptodactylus","Leptodactylus_knudseni","","lentic, benthic",1,"0","1",0,6,4,"Leptodactylus_knudseni"
"445","Leptodactylidae","Leptodactylus","Leptodactylus_latinasus","","lentic, benthic",1,"0","1",0,6,4,"Leptodactylus_latinasus"
"446","Leptodactylidae","Leptodactylus","Leptodactylus_latrans","","lentic",1,"0","1",0,6,4,"Leptodactylus_latrans"
"448","Leptodactylidae","Leptodactylus","Leptodactylus_mystaceus","","lentic, arboreal",1,"0","1",0,6,4,"Leptodactylus_mystaceus"
"449","Leptodactylidae","Leptodactylus","Leptodactylus_mystacinus","","lentic, benthic",1,"0","1",0,6,4,"Leptodactylus_mystacinus"
"451","Leptodactylidae","Leptodactylus","Leptodactylus_podicipinus","","lentic",1,"0","1",0,6,4,"Leptodactylus_podicipinus"
"452","Leptodactylidae","Leptodactylus","Leptodactylus_wagneri","","lentic, benthic",1,"0","1",0,6,4,"Leptodactylus_wagneri"
"454","Leptodactylidae","Paratelmatobius","Paratelmatobius_lutzii","?","lentic",1,"0","1",0,6,4,NA
"455","Leptodactylidae","Paratelmatobius","Paratelmatobius_mantiqueira","Paratelmatobius_poecilogaster","lentic",1,"0","1",0,6,4,"Paratelmatobius_poecilogaster"
"456","Leptodactylidae","Physalaemus","Physalaemus_biligonigerus","","lentic, benthic",1,"0","1",0,6,4,"Physalaemus_biligonigerus"
"457","Leptodactylidae","Physalaemus","Physalaemus_cuvieri","","lentic",1,"0","1",0,6,4,"Physalaemus_cuvieri"
"458","Leptodactylidae","Pleurodema","Pleurodema_borellii","","lentic, benthic",1,"0","1",0,6,4,"Pleurodema_borellii"
"459","Leptodactylidae","Pleurodema","Pleurodema_brachyops","","lentic, benthic",1,"0","1",0,6,4,"Pleurodema_brachyops"
"460","Leptodactylidae","Pleurodema","Pleurodema_bufoninum","","lentic, benthic",1,"0","1",0,6,4,"Pleurodema_bufoninum"
"461","Leptodactylidae","Pleurodema","Pleurodema_cinereum","","lentic, benthic",1,"0","1",0,6,4,"Pleurodema_cinereum"
"462","Leptodactylidae","Pleurodema","Pleurodema_kriegi","","lentic, benthic",1,"0","1",0,6,4,"Pleurodema_kriegi"
"463","Leptodactylidae","Pleurodema","Pleurodema_nebulosum","","lentic, benthic",1,"0","1",0,6,4,"Pleurodema_nebulosum"
"464","Leptodactylidae","Pseudopaludicola","Pseudopaludicola_falcipes","","lentic",1,"0","1",0,6,4,"Pseudopaludicola_falcipes"
"465","Leptodactylidae","Rupirana","Rupirana_cardosoi","","lentic, benthic",1,"0","1",0,6,4,"Rupirana_cardosoi"
"469","Limnodynastinae","Heleioporus","Heleioporus_sp.","Heleioporus_australiacus","lentic, benthic",1,"0","1",0,6,4,"Heleioporus_australiacus"
"471","Limnodynastinae","Limnodynastes","Limnodynastes_dumerilii","","lentic",1,"0","1",0,6,4,"Limnodynastes_dumerilii"
"472","Limnodynastinae","Limnodynastes","Limnodynastes_interioris","","lentic",1,"0","1",0,6,4,"Limnodynastes_interioris"
"473","Limnodynastinae","Limnodynastes","Limnodynastes_lignarius","","lotic, suctorial",0,"0","1",1,4,2,"Limnodynastes_lignarius"
"475","Limnodynastinae","Limnodynastes","Limnodynastes_peronii","","lentic",1,"0","1",0,6,4,"Limnodynastes_peronii"
"476","Limnodynastinae","Limnodynastes","Limnodynastes_tasmaniensis","","lentic, benthic",1,"0","1",0,6,4,"Limnodynastes_tasmaniensis"
"477","Limnodynastinae","Neobatrachus","Neobatrachus_aquilonius","","lentic",1,"0","1",0,6,4,"Neobatrachus_aquilonius"
"478","Limnodynastinae","Neobatrachus","Neobatrachus_sudellae","","lentic, benthic",1,"0","1",0,6,4,"Neobatrachus_sudellae"
"479","Limnodynastinae","Neobatrachus","Neobatrachus_wilsmorei","","lentic",1,"0","1",0,6,4,"Neobatrachus_wilsmorei"
"480","Limnodynastinae","Notaden","Notaden_melanoscaphus","","lentic",1,"0","1",0,6,4,"Notaden_melanoscaphus"
"481","Limnodynastinae","Notaden","Notaden_nichollsi","","lentic",1,"0","1",0,6,4,"Notaden_nichollsi"
"483","Limnodynastinae","Platyplectrum","Platyplectrum_ornatum","","lentic",1,"0","1",0,6,4,"Platyplectrum_ornatum"
"484","Mantellidae","Aglyptodactylus","Aglyptodactylus_madagascariensis","","lentic",1,"0","1",0,6,4,"Aglyptodactylus_madagascariensis"
"485","Mantellidae","Blommersia","Blommersia_transmarina","","lentic",1,"0","1",0,6,4,"Blommersia_transmarina"
"487","Mantellidae","Boophis","Boophis_albilabris","","lotic, suctorial",0,"0","1",1,4,2,"Boophis_albilabris"
"488","Mantellidae","Boophis","Boophis_sp.","Boophis_majori","lotic, suctorial",0,"0","1",1,4,2,"Boophis_majori"
"489","Mantellidae","Gephyromantis","Gephyromantis_pseudoasper","","lotic",0,"0","1",0,3,2,"Gephyromantis_pseudoasper"
"490","Mantellidae","Guibemantis","Guibemantis_liber","","lentic",1,"0","1",0,6,4,"Guibemantis_liber"
"491","Mantellidae","Laliostoma","Laliostoma_labrosum","","lentic",1,"0","1",0,6,4,"Laliostoma_labrosum"
"492","Mantellidae","Mantella","Mantella_aurantiaca","","lentic",1,"0","1",0,6,4,"Mantella_aurantiaca"
"493","Mantellidae","Mantidactylus","Mantidactylus_aerumnalis","","lotic, neustonic",0,"0","1",0,3,2,"Mantidactylus_aerumnalis"
"494","Mantellidae","Mantidactylus","Mantidactylus_alutus","","lotic lentic",1,"0","1",0,6,4,"Mantidactylus_alutus"
"495","Mantellidae","Mantidactylus","Mantidactylus_biporus","","lotic lentic",1,"0","1",0,6,4,"Mantidactylus_biporus"
"496","Mantellidae","Mantidactylus","Mantidactylus_femoralis","","lotic, sand-eating",0,"0","1",1,4,2,"Mantidactylus_femoralis"
"497","Mantellidae","Mantidactylus","Mantidactylus_guttulatus","","lotic",0,"0","1",0,3,2,"Mantidactylus_guttulatus"
"498","Mantellidae","Mantidactylus","Mantidactylus_majori","","lotic, sand-eating",0,"0","0",1,2,1,"Mantidactylus_majori"
"499","Mantellidae","Mantidactylus","Mantidactylus_melanopleura","","lotic, neustonic",0,"0","1",0,3,2,"Mantidactylus_melanopleura"
"500","Mantellidae","Mantidactylus","Mantidactylus_opiparis","","lotic, neustonic",0,"0","1",0,3,2,"Mantidactylus_opiparis"
"505","Mantellidae","Spinomantis","Spinomantis_fimbriatus","","lotic",0,"0","1",0,3,2,"Spinomantis_fimbriatus"
"509","Megophryidae","Boulenophrys","Boulenophrys_minor","","lotic, neustonic",0,"0","1",0,3,2,"Boulenophrys_minor"
"511","Megophryidae","Leptobrachella","Leptobrachella_gracilis","","lotic, fossorial",0,"0","0",1,2,1,"Leptobrachella_gracilis"
"512","Megophryidae","Leptobrachella","Leptobrachella_pelodytoides","","lotic, fossorial",0,"0","0",1,2,1,"Leptobrachella_pelodytoides"
"513","Megophryidae","Leptobrachella","Leptobrachella_sp.","Leptobrachella_oshanensis","lotic, fossorial",0,"0","0",1,2,1,"Leptobrachella_oshanensis"
"514","Megophryidae","Leptobrachium","Leptobrachium_cf_hasseltii","Leptobrachium_hasseltii","lotic, benthic",0,"0","1",0,3,2,"Leptobrachium_hasseltii"
"515","Megophryidae","Leptobrachium","Leptobrachium_montanum","","lotic, benthic",0,"0","1",0,3,2,"Leptobrachium_montanum"
"516","Megophryidae","Leptobrachium","Leptobrachium_nigrops","","lotic, benthic",0,"0","1",0,3,2,"Leptobrachium_nigrops"
"517","Megophryidae","Megophrys","Megophrys_montana","","lotic, neustonic",0,"0","1",0,3,2,"Megophrys_montana"
"520","Megophryidae","Oreolalax","Oreolalax_rhodostigmatus","","lentic, cave pools",1,"0","1",0,6,4,"Oreolalax_rhodostigmatus"
"521","Megophryidae","Pelobatrachus","Pelobatrachus_ligayae","","lotic, neustonic",0,"0","1",0,3,2,"Pelobatrachus_ligayae"
"522","Megophryidae","Pelobatrachus","Pelobatrachus_nasuta","","lotic, neustonic",0,"0","1",0,3,2,"Pelobatrachus_nasuta"
"523","Megophryidae","Pelobatrachus","Pelobatrachus_stejnegeri","","lotic, neustonic",0,"0","1",0,3,2,"Pelobatrachus_stejnegeri"
"567","Microhylinae","Chaperina","Chaperina_fusca","","lentic, suspension feeder",1,"0","1",0,6,4,"Chaperina_fusca"
"568","Microhylinae","Glyphoglossus","Glyphoglossus_guttulatus","","lentic, suspension feeder",1,"0","1",0,6,4,"Glyphoglossus_guttulatus"
"569","Microhylinae","Glyphoglossus","Glyphoglossus_molossus","","lentic",1,"0","1",0,6,4,"Glyphoglossus_molossus"
"570","Microhylinae","Kaloula","Kaloula_pulchra","","lentic, suspension feeder",1,"0","1",0,6,4,"Kaloula_pulchra"
"571","Microhylinae","Microhyla","Microhyla_annamensis","","lentic, suspension feeder",1,"0","1",0,6,4,"Microhyla_annamensis"
"572","Microhylinae","Microhyla","Microhyla_arboricola","","lentic, arboreal",1,"0","1",0,6,4,"Microhyla_arboricola"
"573","Microhylinae","Microhyla","Microhyla_borneensis","","lentic, arboreal",1,"0","1",0,6,4,"Microhyla_borneensis"
"574","Microhylinae","Microhyla","Microhyla_fissipes","","lentic, suspension feeder",1,"0","1",0,6,4,"Microhyla_fissipes"
"575","Microhylinae","Microhyla","Microhyla_heymonsi","","lentic, neustonic",1,"0","1",0,6,4,"Microhyla_heymonsi"
"576","Microhylinae","Microhyla","Microhyla_malang","","lentic, suspension feeder",1,"0","1",0,6,4,"Microhyla_malang"
"577","Microhylinae","Microhyla","Microhyla_minuta","","lentic, neustonic",1,"0","1",0,6,4,"Microhyla_minuta"
"578","Microhylinae","Microhyla","Microhyla_ornata","","lentic, suspension feeder",1,"0","1",0,6,4,"Microhyla_ornata"
"579","Microhylinae","Microhyla","Microhyla_pineticola","","lentic, suspension feeder",1,"0","1",0,6,4,"Microhyla_pineticola"
"580","Microhylinae","Micryletta","Micryletta_inornata","","lentic",1,"0","1",0,6,4,"Micryletta_inornata"
"583","Myobatrachinae","Crinia","Crinia_insignifera","","lentic, benthic",1,"0","0",0,5,3,"Crinia_insignifera"
"584","Myobatrachinae","Crinia","Crinia_riparia","","lotic, benthic",0,"0","0",0,1,1,"Crinia_riparia"
"585","Myobatrachinae","Crinia","Crinia_signifera","","lentic, benthic",1,"0","0",0,5,3,"Crinia_signifera"
"586","Myobatrachinae","Crinia","Crinia_tasmaniensis","","lotic lentic",1,"0","0",0,5,3,"Crinia_tasmaniensis"
"589","Myobatrachinae","Mixophyes","Mixophyes_balbus","","lotic, suctorial",0,"0","1",1,4,2,"Mixophyes_balbus"
"590","Myobatrachinae","Mixophyes","Mixophyes_schevilli","","lotic, suctorial",0,"0","1",1,4,2,"Mixophyes_schevilli"
"594","Myobatrachinae","Pseudophryne","Pseudophryne_bibronii","","lentic, benthic",1,"0","0",0,5,3,"Pseudophryne_bibronii"
"597","Myobatrachinae","Taudactylus","Taudactylus_diurnus","Taudactylus_acutirostris","lotic, benthic",0,"0","1",0,3,2,"Taudactylus_acutirostris"
"602","Nyctibatrachidae","Nyctibatrachus","Nyctibatrachus_major","","lotic, psammonic",0,"0","-",1,NA,NA,"Nyctibatrachus_major"
"603","Odontobatrachidae","Odontobatrachus","Odontobatrachus_fouta","","lotic, suctorial",0,"0","0",1,2,1,"Odontobatrachus_fouta"
"604","Odontobatrachidae","Odontobatrachus","Odontobatrachus_natator","","lotic, suctorial",0,"0","0",1,2,1,"Odontobatrachus_natator"
"605","Odontophrynidae","Macrogenioglottus","Macrogenioglottus_alipioi","","lentic, benthic",1,"0","1",0,6,4,"Macrogenioglottus_alipioi"
"606","Odontophrynidae","Odontophrynus","Odontophrynus_americanus","","lentic, benthic",1,"0","1",0,6,4,"Odontophrynus_americanus"
"607","Odontophrynidae","Odontophrynus","Odontophrynus_occidentalis","","lentic, benthic",1,"0","1",0,6,4,"Odontophrynus_occidentalis"
"608","Odontophrynidae","Proceratophrys","Proceratophrys_appendiculata","","lotic, benthic",0,"0","1",0,3,2,"Proceratophrys_appendiculata"
"609","Odontophrynidae","Proceratophrys","Proceratophrys_bigibbosa","","lentic, benthic",1,"0","1",0,6,4,"Proceratophrys_bigibbosa"
"610","Odontophrynidae","Proceratophrys","Proceratophrys_boiei","","lotic, benthic",0,"0","1",0,3,2,"Proceratophrys_boiei"
"611","Odontophrynidae","Proceratophrys","Proceratophrys_brauni","","lotic",0,"0","1",0,3,2,"Proceratophrys_brauni"
"612","Otophryninae","Otophryne","Otophryne_robusta","","lotic, fossorial",0,"0","0",1,2,1,"Otophryne_robusta"
"613","Pelobatidae","Pelobates","Pelobates_cultripes","","lentic, benthic",1,"0","1",0,6,4,"Pelobates_cultripes"
"614","Pelobatidae","Pelobates","Pelobates_fuscus","","lentic, benthic",1,"0","1",0,6,4,"Pelobates_fuscus"
"615","Pelodytidae","Pelodytes","Pelodytes_caucasicus","","lentic, benthic",1,"0","1",0,6,4,"Pelodytes_caucasicus"
"624","Phrynobatrachidae","Phrynobatrachus","Phrynobatrachus_guineensis","","lentic, arboreal",1,"0","1",0,6,4,"Phrynobatrachus_guineensis"
"625","Phrynobatrachidae","Phrynobatrachus","Phrynobatrachus_natalensis","","lentic",1,"0","1",0,6,4,"Phrynobatrachus_natalensis"
"626","Phrynomerinae","Phrynomantis","Phrynomantis_annectens","","lentic, suspension feeder",1,"0","1",0,6,4,"Phrynomantis_annectens"
"627","Phrynomerinae","Phrynomantis","Phrynomantis_bifasciatus","","lentic, suspension feeder",1,"0","1",0,6,4,"Phrynomantis_bifasciatus"
"628","Pipidae","Hymenochirus","Hymenochirus_boettgeri","","lentic, carnivore",1,"0","1",0,6,4,"Hymenochirus_boettgeri"
"629","Pipidae","Pipa","Pipa_carvalhoi","","lentic, suspension feeder",1,"0","1",0,6,4,"Pipa_carvalhoi"
"630","Pipidae","Pipa","Pipa_myersi","","lentic, suspension feeder",1,"0","1",0,6,4,"Pipa_myersi"
"633","Pipidae","Xenopus","Xenopus_laevis","","lentic, suspension feeder",1,"0","1",0,6,4,"Xenopus_laevis"
"634","Pipidae","Xenopus","Xenopus_tropicalis","","lentic",1,"0","1",0,6,4,"Xenopus_tropicalis"
"637","Ptychadenidae","Ptychadena","Ptychadena_anchietae","","lentic",1,"0","1",0,6,4,"Ptychadena_anchietae"
"638","Ptychadenidae","Ptychadena","Ptychadena_mascareniensis","","lentic",1,"0","1",0,6,4,"Ptychadena_mascareniensis"
"639","Pyxicephalidae","Amietia","Amietia_angolensis","","lentic, benthic",1,"0","1",0,6,4,"Amietia_angolensis"
"640","Pyxicephalidae","Amietia","Amietia_delalandii","","lotic lentic",1,"0","1",0,6,4,"Amietia_delalandii"
"641","Pyxicephalidae","Amietia","Amietia_fuscigula","","lotic, sidepools",0,"0","1",0,3,2,"Amietia_fuscigula"
"643","Pyxicephalidae","Amietia","Amietia_vertebralis","","lotic, benthic",0,"0","1",0,3,2,"Amietia_vertebralis"
"647","Pyxicephalidae","Cacosternum","Cacosternum_namaquense","","lentic, benthic",1,"0","1",0,6,4,"Cacosternum_namaquense"
"649","Pyxicephalidae","Natalobatrachus","Natalobatrachus_bonebergi","","lotic",0,"0","1",0,3,2,"Natalobatrachus_bonebergi"
"651","Pyxicephalidae","Poyntonia","Poyntonia_paludicola","","lentic",1,"0","1",0,6,4,"Poyntonia_paludicola"
"652","Pyxicephalidae","Pyxicephalus","Pyxicephalus_adspersus","","lentic, benthic",1,"0","1",0,6,4,"Pyxicephalus_adspersus"
"653","Pyxicephalidae","Strongylopus","Strongylopus_grayii","","lentic",1,"0","1",0,6,4,"Strongylopus_grayii"
"654","Pyxicephalidae","Tomopterna","Tomopterna_cryptotis","","lentic",1,"0","1",0,6,4,"Tomopterna_cryptotis"
"655","Pyxicephalidae","Tomopterna","Tomopterna_luganga","","lentic",1,"0","1",0,6,4,"Tomopterna_luganga"
"657","Ranidae","Amnirana","Amnirana_albolabris","","lentic",1,"0","1",0,6,4,"Amnirana_albolabris"
"658","Ranidae","Amolops","Amolops_ricketti","","lotic, gastromyzophorous",0,"0","0",1,2,1,"Amolops_ricketti"
"659","Ranidae","Amolops","Amolops_sp.","Amolops_cremnobatus","lotic, gastromyzophorous",0,"0","0",1,2,1,"Amolops_cremnobatus"
"661","Ranidae","Chalcorana","Chalcorana_chalconota","","lotic",0,"0","1",0,3,2,"Chalcorana_chalconota"
"662","Ranidae","Chalcorana","Chalcorana_megalonesa","","lentic",1,"0","1",0,6,4,"Chalcorana_megalonesa"
"663","Ranidae","Clinotarsus","Clinotarsus_alticola","","lotic, benthic",0,"0","-",0,NA,NA,"Clinotarsus_alticola"
"664","Ranidae","Clinotarsus","Clinotarsus_penelope","","lentic",1,"0","1",0,6,4,"Clinotarsus_penelope"
"666","Ranidae","Huia","Huia_cavitympanum","","lotic, gastromyzophorous",0,"0","0",1,2,1,"Huia_cavitympanum"
"671","Ranidae","Meristogenys","Meristogenys_jerboa","","lotic, gastromyzophorous",0,"0","0",1,2,1,"Meristogenys_jerboa"
"674","Ranidae","Papurana","Papurana_kreffti","","lentic",1,"0","1",0,6,4,"Papurana_kreffti"
"678","Ranidae","Pelophylax","Pelophylax_ridibundus","","lentic",1,"0","1",0,6,4,"Pelophylax_ridibundus"
"680","Ranidae","Pulchrana","Pulchrana_grandocula","","lotic",0,"0","1",0,3,2,"Pulchrana_grandocula"
"681","Ranidae","Rana","Rana_berlandieri","","lentic",1,"0","1",0,6,4,"Rana_berlandieri"
"682","Ranidae","Rana","Rana_blairi","","lentic",1,"0","1",0,6,4,"Rana_blairi"
"683","Ranidae","Rana","Rana_catesbeiana","","lentic",1,"0","1",0,6,4,"Rana_catesbeiana"
"684","Ranidae","Rana","Rana_chiricahuensis","","lentic",1,"0","1",0,6,4,"Rana_chiricahuensis"
"685","Ranidae","Rana","Rana_clamitans","","lentic",1,"0","1",0,6,4,"Rana_clamitans"
"686","Ranidae","Rana","Rana_johnsi","","lotic",0,"0","1",0,3,2,"Rana_johnsi"
"687","Ranidae","Rana","Rana_juliani","","lotic",0,"0","1",0,3,2,"Rana_juliani"
"688","Ranidae","Rana","Rana_longicrus","","lentic",1,"0","1",0,6,4,"Rana_longicrus"
"689","Ranidae","Rana","Rana_maculata","","lentic",1,"0","1",0,6,4,"Rana_maculata"
"690","Ranidae","Rana","Rana_magnaocularis","","lentic",1,"0","1",0,6,4,"Rana_magnaocularis"
"691","Ranidae","Rana","Rana_neovolcanica","","lentic",1,"0","1",0,6,4,"Rana_neovolcanica"
"692","Ranidae","Rana","Rana_omeimontis","","lentic",1,"0","1",0,6,4,"Rana_omeimontis"
"693","Ranidae","Rana","Rana_palmipes","","lentic",1,"0","1",0,6,4,"Rana_palmipes"
"694","Ranidae","Rana","Rana_palustris","","lentic",1,"0","1",0,6,4,"Rana_palustris"
"695","Ranidae","Rana","Rana_pipiens","","lentic",1,"0","1",0,6,4,"Rana_pipiens"
"696","Ranidae","Rana","Rana_pretiosa","","lentic",1,"0","1",0,6,4,"Rana_pretiosa"
"697","Ranidae","Rana","Rana_pustulosa","","lotic",0,"0","1",0,3,2,"Rana_pustulosa"
"698","Ranidae","Rana","Rana_sauteri","","lotic, gastromyzophorous",0,"0","1",1,4,2,"Rana_sauteri"
"699","Ranidae","Rana","Rana_septentrionalis","","lentic",1,"0","1",0,6,4,"Rana_septentrionalis"
"700","Ranidae","Rana","Rana_sierramadrensis","","lotic, benthic",0,"0","1",0,3,2,"Rana_sierramadrensis"
"701","Ranidae","Rana","Rana_spectabilis","","lentic",1,"0","1",0,6,4,"Rana_spectabilis"
"702","Ranidae","Rana","Rana_sphenocephala","","lentic",1,"0","1",0,6,4,"Rana_sphenocephala"
"703","Ranidae","Rana","Rana_sylvatica","","lentic",1,"0","1",0,6,4,"Rana_sylvatica"
"704","Ranidae","Rana","Rana_temporaria","","lentic",1,"0","1",0,6,4,"Rana_temporaria"
"705","Ranidae","Rana","Rana_vaillanti","","lentic",1,"0","1",0,6,4,"Rana_vaillanti"
"706","Ranidae","Rana","Rana_vibicaria","","lentic",1,"0","1",0,6,4,"Rana_vibicaria"
"707","Ranidae","Rana","Rana_virgatipes","","lentic",1,"0","1",0,6,4,"Rana_virgatipes"
"708","Ranidae","Rana","Rana_warszewitschii","","lotic, benthic",0,"0","1",0,3,2,"Rana_warszewitschii"
"709","Ranidae","Rana","Rana_yavapaiensis","","lentic",1,"0","1",0,6,4,"Rana_yavapaiensis"
"710","Ranidae","Rana","Rana_zweifeli","","lentic, benthic",1,"0","1",0,6,4,"Rana_zweifeli"
"711","Ranidae","Sanguirana","Sanguirana_mearnsi","","lotic",0,"0","1",0,3,2,"Sanguirana_mearnsi"
"712","Ranidae","Staurois","Staurois_parvus","","lotic, fossorial",0,"0","1",1,4,2,"Staurois_parvus"
"714","Ranidae","Sylvirana","Sylvirana_maosonensis","","lentic",1,"0","1",0,6,4,"Sylvirana_maosonensis"
"715","Ranidae","Sylvirana","Sylvirana_nigrovittata","","lotic",0,"0","1",0,3,2,"Sylvirana_nigrovittata"
"720","Rhacophoridae","Buergeria","Buergeria_japonica","","lotic, benthic, hot springs",0,"0","1",0,3,2,"Buergeria_japonica"
"721","Rhacophoridae","Chirixalus","Chirixalus_sp.","?","",NA,"","1",0,NA,NA,NA
"722","Rhacophoridae","Chiromantis","Chiromantis_nongkhorensis","","lentic",1,"0","1",0,6,4,"Chiromantis_nongkhorensis"
"723","Rhacophoridae","Chiromantis","Chiromantis_xerampelina","","lentic, benthic",1,"0","1",0,6,4,"Chiromantis_xerampelina"
"724","Rhacophoridae","Feihyla","Feihyla_kajau","","lentic",1,"0","1",0,6,4,"Feihyla_kajau"
"727","Rhacophoridae","Kurixalus","Kurixalus_appendiculatus","","lentic",1,"0","1",0,6,4,"Kurixalus_appendiculatus"
"728","Rhacophoridae","Leptomantis","Leptomantis_angulirostris","","lotic, suctorial",0,"0","1",1,4,2,"Leptomantis_angulirostris"
"729","Rhacophoridae","Leptomantis","Leptomantis_fasciatus","","lentic",1,"0","1",0,6,4,"Leptomantis_fasciatus"
"730","Rhacophoridae","Leptomantis","Leptomantis_penanorum","","lotic, suctorial",0,"0","1",1,4,2,"Leptomantis_penanorum"
"734","Rhacophoridae","Nyctixalus","Nyctixalus_pictus","","lentic, arboreal",1,"0","1",0,6,4,"Nyctixalus_pictus"
"735","Rhacophoridae","Nyctixalus","Nyctixalus_spinosum","","lentic, arboreal",1,"0","1",0,6,4,"Nyctixalus_spinosum"
"736","Rhacophoridae","Philautus","Philautus_sp.","Philautus_hosii","lentic, arboreal",1,"0","1",0,6,4,"Philautus_hosii"
"737","Rhacophoridae","Polypedates","Polypedates_leucomystax","","lentic, benthic",1,"0","1",0,6,4,"Polypedates_leucomystax"
"740","Rhacophoridae","Rhacophorus","Rhacophorus_baluensis","","lentic",1,"0","1",0,6,4,"Rhacophorus_baluensis"
"741","Rhacophoridae","Rhacophorus","Rhacophorus_pardalis","","lentic, benthic",1,"0","1",0,6,4,"Rhacophorus_pardalis"
"743","Rhacophoridae","Theloderma","Theloderma_horridum","","lentic, arboreal",1,"0","1",0,6,4,"Theloderma_horridum"
"744","Rhacophoridae","Theloderma","Theloderma_leporosum","","lentic, arboreal",1,"0","1",0,6,4,"Theloderma_leporosum"
"745","Rhacophoridae","Zhangixalus","Zhangixalus_dulitensis","","lentic",1,"0","1",0,6,4,"Zhangixalus_dulitensis"
"746","Rhacophoridae","Zhangixalus","Zhangixalus_moltrechti","","lentic",1,"0","1",0,6,4,"Zhangixalus_moltrechti"
"750","Rhinophrynidae","Rhinophrynus","Rhinophrynus_dorsalis","","lentic, suspension feeder",1,"0","1",0,6,4,"Rhinophrynus_dorsalis"
"751","Scaphiophryninae","Paradoxophyla","Paradoxophyla_palmata","","lentic, suspension feeder",1,"0","1",0,6,4,"Paradoxophyla_palmata"
"752","Scaphiophryninae","Scaphiophryne","Scaphiophryne_calcarata","","lentic",1,"0","1",0,6,4,"Scaphiophryne_calcarata"
"753","Scaphiophryninae","Scaphiophryne","Scaphiophryne_madagascariensis","","lentic, suspension feeder",1,"0","1",0,6,4,"Scaphiophryne_madagascariensis"
"754","Scaphiophryninae","Scaphiophryne","Scaphiophryne_spinosa","","lentic",1,"0","1",0,6,4,"Scaphiophryne_spinosa"
"756","Scaphiopodidae","Scaphiopus","Scaphiopus_holbrookii","","lentic, benthic",1,"0","1",0,6,4,"Scaphiopus_holbrookii"
"757","Scaphiopodidae","Spea","Spea_bombifrons","","lentic, benthic",1,"0","1",0,6,4,"Spea_bombifrons"
"758","Scaphiopodidae","Spea","Spea_hammondii","","lentic, benthic",1,"0","1",0,6,4,"Spea_hammondii"
"759","Scaphiopodidae","Spea","Spea_intermontana","","lentic, benthic",1,"0","1",0,6,4,"Spea_intermontana"
"760","Scaphiopodidae","Spea","Spea_multiplicata","","lentic, benthic",1,"0","1",0,6,4,"Spea_multiplicata"
"782","Telmatobiidae","Telmatobius","Telmatobius_arequipensis","?","lotic",0,"0","1",0,3,2,NA
"783","Telmatobiidae","Telmatobius","Telmatobius_atahualpai","Telmatobius_verrucosus","lotic, suctorial",0,"0","1",1,4,2,"Telmatobius_verrucosus"
"784","Telmatobiidae","Telmatobius","Telmatobius_jelskii","?","lotic, benthic",0,"0","1",0,3,2,NA
"785","Telmatobiidae","Telmatobius","Telmatobius_macrostomus","","lentic",1,"0","1",0,6,4,"Telmatobius_macrostomus"
"786","Telmatobiidae","Telmatobius","Telmatobius_marmoratus","","lentic, benthic",1,"0","1",0,6,4,"Telmatobius_marmoratus"
"787","Telmatobiidae","Telmatobius","Telmatobius_peruvianus","","lotic",0,"0","1",0,3,2,"Telmatobius_peruvianus"
